Thread,Input,Output,Active Cycles,Work Score,Utilization (%)
0,959,613303,1507,87.26,0.33
1,1062,398693183,1366,79.10,0.30
2,332,73309,428,24.78,0.09
3,528,48926908,756,43.78,0.16
4,302,60645,390,22.58,0.08
5,529,141168,833,48.23,0.18
6,443,130729,635,36.77,0.14
7,473,149041,677,39.20,0.15
8,793,315953,1135,65.72,0.25
9,844,358158,1328,76.90,0.29
10,173,19912,248,14.36,0.05
11,806,432553,922,53.39,0.20
12,953,605248,1364,78.98,0.30
13,178,16184,256,14.82,0.06
14,1043,724984,1490,86.28,0.32
15,594,69685719,934,54.08,0.20
16,790,313235,790,45.74,0.17
17,472,112165,608,35.21,0.13
18,566,213193,647,37.46,0.14
19,224,33493,352,20.38,0.08
20,1099,606489,1727,100.00,0.38
21,999,331836357,1571,90.97,0.34
22,724,263796,1140,66.01,0.25
23,639,86768871,1007,58.31,0.22
24,978,311336125,1398,80.95,0.30
25,960,294451360,960,55.59,0.21
26,338,76084,485,28.08,0.11
27,795,167170745,795,46.03,0.17
28,596,236413,682,39.49,0.15
29,164,17965,260,15.06,0.06
30,1014,347017189,1594,92.30,0.35
31,456,31502380,522,30.23,0.11
32,126,658875,144,8.34,0.03
33,598,179954,856,49.57,0.19
34,236,36973,270,15.63,0.06
35,681,105041980,779,45.11,0.17
36,1028,704278,1469,85.06,0.33
37,931,434775,1064,61.61,0.24
38,1054,557943,1658,96.00,0.37
39,721,261000,824,47.71,0.18
40,675,102287925,675,39.09,0.15
41,127,8271,165,9.55,0.04
42,427,91863,549,31.79,0.12
43,528,48926908,756,43.78,0.17
44,557,206541,717,41.52,0.16
45,370,69005,370,21.42,0.08
46,374,93325,590,34.16,0.13
47,248,40945,356,20.61,0.08
48,1094,798103,1722,99.71,0.38
49,192,2340924,248,14.36,0.06
50,372,17090540,480,27.79,0.11
51,445,99680,445,25.77,0.10
52,444,29078018,700,40.53,0.16
53,996,328853470,1139,65.95,0.25
54,985,486590,985,57.04,0.22
55,674,302983,1062,61.49,0.24
56,857,489184,1103,63.87,0.25
57,575,220033,575,33.29,0.13
58,369,16680102,581,33.64,0.13
59,353,82990,506,29.30,0.11
60,639,86768871,1007,58.31,0.23
61,635,268393,635,36.77,0.14
62,1061,749773,1213,70.24,0.27
63,1017,350107142,1309,75.80,0.29
64,134,12001,214,12.39,0.05
65,197,25770,255,14.77,0.06
66,598,179954,856,49.57,0.19
67,1062,398693183,1366,79.10,0.31
68,381,18362930,436,25.25,0.10
69,905,545413,905,52.40,0.20
70,683,310831,977,56.57,0.22
71,308,63169,440,25.48,0.10
72,284,53827,448,25.94,0.10
73,362,87173,466,26.98,0.11
74,1089,429897480,1713,99.19,0.39
75,742,276498,954,55.24,0.21
76,984,317104850,1548,89.64,0.35
77,715,256685,715,41.40,0.16
78,890,527473,890,51.53,0.20
79,979,481527,1539,89.11,0.35
80,808,327989,1156,66.94,0.26
81,514,133311,810,46.90,0.18
82,676,229500,773,44.76,0.17
83,504,42548196,792,45.86,0.18
84,410,111793,410,23.74,0.09
85,913,418544,1306,75.62,0.29
86,1078,583118,1540,89.17,0.35
87,519,46465309,819,47.42,0.18
88,388,76019,556,32.19,0.13
89,347,80091,447,25.88,0.10
90,125,10333,125,7.24,0.03
91,279,7200579,439,25.42,0.10
92,883,391547,1264,73.19,0.28
93,1086,426351835,1242,71.92,0.28
94,549,55006248,865,50.09,0.19
95,917,560112,1179,68.27,0.27
96,536,191173,613,35.50,0.14
97,1047,382029161,1347,78.00,0.30
98,231,4082155,264,15.29,0.06
99,817,335084,1051,60.86,0.24
100,204,2809294,324,18.76,0.07
101,166,14025,190,11.00,0.04
102,1025,699733,1025,59.35,0.23
103,389,100957,613,35.50,0.14
104,428,122023,614,35.55,0.14
105,1014,347017189,1594,92.30,0.36
106,1031,707953,1179,68.27,0.26
107,312,10075201,402,23.28,0.09
108,982,483773,1264,73.19,0.28
109,173,19912,248,14.36,0.06
110,543,53220569,777,44.99,0.17
111,690,109265065,690,39.95,0.15
112,587,229405,755,43.72,0.17
113,120,568820,120,6.95,0.03
114,1094,798103,1722,99.71,0.39
115,897,240176065,1155,66.88,0.26
116,933,270287392,1335,77.30,0.30
117,424,90888,668,38.68,0.15
118,669,99583010,1053,60.97,0.24
119,574,166089,902,52.23,0.20
120,671,299713,767,44.41,0.17
121,694,242457,1094,63.35,0.24
122,105,380380,105,6.08,0.02
123,454,104127,714,41.34,0.16
124,680,307813,680,39.37,0.15
125,554,204721,874,50.61,0.20
126,623,258604,890,51.53,0.20
127,116,8893,133,7.70,0.03
128,854,486373,1342,77.71,0.31
129,754,286035,1186,68.67,0.27
130,185,22693,185,10.71,0.04
131,958,460727,1369,79.27,0.32
132,820,337430,820,47.48,0.19
133,111,449735,127,7.35,0.03
134,599,239317,943,54.60,0.22
135,148,11237,214,12.39,0.05
136,377,94555,485,28.08,0.11
137,530,186913,530,30.69,0.12
138,713,338743,1019,59.00,0.23
139,259,34149,407,23.57,0.09
140,955,457445,955,55.30,0.22
141,156,1253330,179,10.36,0.04
142,201,2686700,230,13.32,0.05
143,442,98406,570,33.01,0.13
144,176,20533,202,11.70,0.05
145,547,150501,705,40.82,0.16
146,592,176202,762,44.12,0.18
147,1010,679393,1010,58.48,0.23
148,871,380625,996,57.67,0.23
149,161,17173,184,10.65,0.04
150,484,118272,764,44.24,0.18
151,795,167170745,795,46.03,0.18
152,755,379513,755,43.72,0.17
153,489,38857664,769,44.53,0.18
154,149,14833,237,13.72,0.05
155,687,107845130,885,51.24,0.20
156,296,58213,339,19.63,0.08
157,1025,699733,1025,59.35,0.24
158,704,330547,1108,64.16,0.26
159,1050,385323925,1050,60.80,0.24
160,679,232119,1067,61.78,0.28
161,141,924490,162,9.38,0.04
162,260,44893,260,15.06,0.07
163,752,376609,968,56.05,0.26
164,504,42548196,792,45.86,0.21
165,760,289940,760,44.01,0.20
166,152,15323,196,11.35,0.05
167,782,407273,1006,58.25,0.27
168,542,195559,698,40.42,0.18
169,765,148939890,765,44.30,0.20
170,293,57163,419,24.26,0.11
171,398,105508,569,32.95,0.15
172,174,1741049,274,15.87,0.07
173,747,138665468,961,55.65,0.25
174,740,364573,740,42.85,0.20
175,250,31625,250,14.48,0.07
176,546,54108145,624,36.13,0.16
177,232,27291,300,17.37,0.08
178,512,174495,660,38.22,0.17
179,670,225455,670,38.80,0.18
180,293,57163,419,24.26,0.11
181,248,40945,356,20.61,0.09
182,365,88573,365,21.13,0.10
183,300,8955050,300,17.37,0.08
184,990,322943115,990,57.32,0.26
185,766,294525,876,50.72,0.23
186,888,233015281,1269,73.48,0.33
187,186,2127685,213,12.33,0.06
188,691,239775,790,45.74,0.21
189,844,358158,1328,76.90,0.35
190,488,158647,698,40.42,0.18
191,623,258604,890,51.53,0.23
192,885,230659910,885,51.24,0.20
193,648,90489699,927,53.68,0.21
194,275,50233,275,15.92,0.06
195,290,55873,290,16.79,0.06
196,308,63169,440,25.48,0.10
197,679,232119,1067,61.78,0.24
198,324,11285256,512,29.65,0.11
199,751,283125,859,49.74,0.19
200,345,13628420,345,19.98,0.08
201,869,503611,1369,79.27,0.31
202,1049,733801,1649,95.48,0.37
203,771,152474245,882,51.07,0.20
204,868,378383,1240,71.80,0.28
205,1041,375495640,1190,68.91,0.27
206,921,259986020,1053,60.97,0.24
207,315,10369065,315,18.24,0.07
208,174,1741049,274,15.87,0.06
209,334,56565,526,30.46,0.12
210,885,230659910,885,51.24,0.20
211,719,344779,1131,65.49,0.25
212,834,193017649,1314,76.09,0.29
213,502,126824,646,37.41,0.14
214,272,49180,350,20.27,0.08
215,724,263796,1140,66.01,0.26
216,168,1566532,240,13.90,0.05
217,1060,563390,1060,61.38,0.24
218,810,176819085,810,46.90,0.18
219,112,6453,144,8.34,0.03
220,156,1253330,179,10.36,0.04
221,198,2567982,285,16.50,0.06
222,635,268393,635,36.77,0.14
223,941,589693,1076,62.30,0.24
224,1099,606489,1727,100.00,0.41
225,162,1404105,210,12.16,0.05
226,483,37443172,690,39.95,0.16
227,307,47626,395,22.87,0.09
228,741,135348590,847,49.04,0.20
229,707,332862,909,52.63,0.21
230,310,48515,310,17.95,0.07
231,338,76084,485,28.08,0.11
232,477,36063495,615,35.61,0.15
233,611,248473,699,40.47,0.17
234,1009,511422,1589,92.01,0.38
235,245,39853,245,14.19,0.06
236,905,545413,905,52.40,0.21
237,183,2026196,264,15.29,0.06
238,812,439137,1044,60.45,0.25
239,331,55275,379,21.95,0.09
240,417,24083756,537,31.09,0.13
241,949,452538,1493,86.45,0.35
242,950,601033,950,55.01,0.22
243,151,11625,173,10.02,0.04
244,351,14352975,402,23.28,0.10
245,474,35386957,746,43.20,0.18
246,128,10894,185,10.71,0.04
247,772,299258,994,57.56,0.24
248,786,161553785,899,52.06,0.21
249,838,352736,1198,69.37,0.28
250,784,309174,1232,71.34,0.29
251,842,472202,1084,62.77,0.26
252,289,42444,457,26.46,0.11
253,319,51633,503,29.13,0.12
254,1036,538200,1184,68.56,0.28
255,288,7921326,414,23.97,0.10
256,733,270056,1048,60.68,0.23
257,419,117121,659,38.16,0.15
258,847,360093,1089,63.06,0.24
259,374,93325,590,34.16,0.13
260,1027,529049,1321,76.49,0.29
261,410,111793,410,23.74,0.09
262,613,189065,877,50.78,0.20
263,756,143741430,864,50.03,0.19
264,273,6745037,390,22.58,0.09
265,874,383997,1374,79.56,0.31
266,253,32492,364,21.08,0.08
267,1078,583118,1540,89.17,0.34
268,957,291698203,1231,71.28,0.27
269,318,10668773,456,26.40,0.10
270,309,9787124,489,28.31,0.11
271,626,260833,716,41.46,0.16
272,167,18505,215,12.45,0.05
273,512,174495,660,38.22,0.15
274,1030,531995,1030,59.64,0.23
275,771,152474245,882,51.07,0.20
276,886,393825,1013,58.66,0.23
277,1058,745993,1514,87.67,0.34
278,443,130729,635,36.77,0.14
279,573,62547016,819,47.42,0.18
280,796,318000,910,52.69,0.20
281,127,8271,165,9.55,0.04
282,315,10369065,315,18.24,0.07
283,337,57336,435,25.19,0.10
284,698,324637,998,57.79,0.22
285,251,41833,287,16.62,0.06
286,525,48096650,525,30.40,0.12
287,331,55275,379,21.95,0.08
288,571,163875,653,37.81,0.15
289,625,196250,625,36.19,0.15
290,957,291698203,1231,71.28,0.29
291,850,362525,850,49.22,0.20
292,935,582193,935,54.14,0.22
293,470,146953,470,27.21,0.11
294,858,210175334,1227,71.05,0.29
295,460,106490,460,26.64,0.11
296,597,70747372,769,44.53,0.18
297,363,15878381,519,30.05,0.12
298,439,97395,691,40.01,0.16
299,454,104127,714,41.34,0.17
300,581,224653,664,38.45,0.16
301,648,90489699,927,53.68,0.22
302,981,314211030,1122,64.97,0.27
303,649,212130,1021,59.12,0.24
304,1060,563390,1060,61.38,0.25
305,911,552673,1042,60.34,0.25
306,672,100929232,864,50.03,0.20
307,199,20271,315,18.24,0.07
308,869,503611,1369,79.27,0.32
309,1015,516635,1015,58.77,0.24
310,672,100929232,864,50.03,0.20
311,917,560112,1179,68.27,0.28
312,394,78549,622,36.02,0.15
313,239,38131,379,21.95,0.09
314,155,15913,155,8.98,0.04
315,344,78961,544,31.50,0.13
316,743,367858,1064,61.61,0.25
317,932,578595,1200,69.48,0.28
318,575,220033,575,33.29,0.14
319,566,213193,647,37.46,0.15
320,457,105173,589,34.11,0.13
321,784,309174,1232,71.34,0.28
322,316,50400,362,20.96,0.08
323,644,276613,1012,58.60,0.23
324,155,15913,155,8.98,0.03
325,426,25678925,487,28.20,0.11
326,1005,337853530,1005,58.19,0.23
327,1004,672205,1580,91.49,0.36
328,689,316615,1085,62.83,0.24
329,344,78961,544,31.50,0.12
330,358,64772,514,29.76,0.12
331,171,1652145,196,11.35,0.04
332,244,30342,384,22.24,0.09
333,239,38131,379,21.95,0.09
334,1072,576351,1380,79.91,0.31
335,557,206541,717,41.52,0.16
336,402,21574259,518,29.99,0.12
337,644,276613,1012,58.60,0.23
338,656,286453,750,43.43,0.17
339,171,1652145,196,11.35,0.04
340,911,552673,1042,60.34,0.24
341,580,169070,580,33.58,0.13
342,341,77293,390,22.58,0.09
343,205,21320,205,11.87,0.05
344,719,344779,1131,65.49,0.26
345,396,20621370,453,26.23,0.10
346,801,170986800,916,53.04,0.21
347,362,87173,466,26.98,0.11
348,580,169070,580,33.58,0.13
349,276,6970150,316,18.30,0.07
350,828,188878887,1185,68.62,0.27
351,938,586339,1340,77.59,0.30
352,960,294451360,960,55.59,0.22
353,396,20621370,453,26.23,0.10
354,834,193017649,1314,76.09,0.29
355,367,67945,473,27.39,0.11
356,722,347145,930,53.85,0.21
357,1091,792793,1247,72.21,0.28
358,271,37125,310,17.95,0.07
359,664,222012,1044,60.45,0.23
360,687,107845130,885,51.24,0.20
361,882,228320967,1134,65.66,0.25
362,735,132085135,735,42.56,0.16
363,832,347476,1070,61.96,0.24
364,1021,522750,1167,67.57,0.26
365,707,332862,909,52.63,0.20
366,641,273493,733,42.44,0.16
367,676,229500,773,44.76,0.17
368,603,72903966,864,50.03,0.19
369,549,55006248,865,50.09,0.19
370,747,138665468,961,55.65,0.22
371,414,23567379,654,37.87,0.15
372,1029,362654096,1617,93.63,0.36
373,988,489977,1414,81.88,0.32
374,871,380625,996,57.67,0.22
375,1000,501500,1000,57.90,0.22
376,636,85551010,727,42.10,0.16
377,572,217823,736,42.62,0.16
378,615,77347115,615,35.61,0.14
379,117,527063,151,8.74,0.03
380,100,5150,100,5.79,0.02
381,695,321553,695,40.24,0.16
382,307,47626,395,22.87,0.09
383,312,10075201,402,23.28,0.09
384,344,78961,544,31.50,0.12
385,1041,375495640,1190,68.91,0.26
386,580,169070,580,33.58,0.13
387,318,10668773,456,26.40,0.10
388,385,74690,385,22.29,0.08
389,103,5501,148,8.57,0.03
390,882,228320967,1134,65.66,0.25
391,972,305637925,1250,72.38,0.27
392,885,230659910,885,51.24,0.19
393,517,134491,665,38.51,0.14
394,1056,391970480,1207,69.89,0.26
395,159,1327417,251,14.53,0.05
396,476,150733,544,31.50,0.12
397,597,70747372,769,44.53,0.17
398,735,132085135,735,42.56,0.16
399,979,481527,1539,89.11,0.33
400,1046,728713,1196,69.25,0.26
401,734,359311,1154,66.82,0.25
402,645,89237470,645,37.35,0.14
403,327,11601898,421,24.38,0.09
404,975,308477975,975,56.46,0.21
405,416,115093,476,27.56,0.10
406,580,169070,580,33.58,0.13
407,863,496309,1235,71.51,0.27
408,888,233015281,1269,73.48,0.27
409,1095,437044795,1095,63.40,0.24
410,232,27291,300,17.37,0.06
411,888,233015281,1269,73.48,0.27
412,1042,544591,1340,77.59,0.29
413,439,97395,691,40.01,0.15
414,453,30884225,648,37.52,0.14
415,286,41325,327,18.93,0.07
416,733,270056,1048,60.68,0.24
417,933,270287392,1335,77.30,0.31
418,505,128270,505,29.24,0.12
419,1018,520124,1456,84.31,0.34
420,288,7921326,414,23.97,0.10
421,287,54762,369,21.37,0.09
422,890,527473,890,51.53,0.21
423,426,25678925,487,28.20,0.11
424,1057,560358,1359,78.69,0.31
425,199,20271,315,18.24,0.07
426,837,195108726,1077,62.36,0.25
427,433,94577,619,35.84,0.14
428,696,112142420,796,46.09,0.18
429,824,452809,1296,75.04,0.30
430,665,294373,665,38.51,0.15
431,995,659353,995,57.61,0.23
432,810,176819085,810,46.90,0.19
433,210,3064985,210,12.16,0.05
434,574,166089,902,52.23,0.21
435,685,235640,685,39.66,0.16
436,527,184877,679,39.32,0.16
437,1054,557943,1658,96.00,0.38
438,801,170986800,916,53.04,0.21
439,667,223538,859,49.74,0.20
440,401,106933,459,26.58,0.11
441,933,270287392,1335,77.30,0.31
442,808,327989,1156,66.94,0.27
443,344,78961,544,31.50,0.13
444,273,6745037,390,22.58,0.09
445,161,17173,184,10.65,0.04
446,530,186913,530,30.69,0.12
447,258,5691376,369,21.37,0.09
448,346,60375,396,22.93,0.09
449,287,54762,369,21.37,0.08
450,176,20533,202,11.70,0.05
451,886,393825,1013,58.66,0.23
452,475,113525,475,27.50,0.11
453,318,10668773,456,26.40,0.10
454,212,29852,274,15.87,0.06
455,784,309174,1232,71.34,0.28
456,417,24083756,537,31.09,0.12
457,301,45750,344,19.92,0.08
458,117,527063,151,8.74,0.03
459,366,16275715,419,24.26,0.09
460,1025,699733,1025,59.35,0.23
461,1034,712969,1626,94.15,0.37
462,613,189065,877,50.78,0.20
463,736,271950,842,48.76,0.19
464,145,10730,145,8.40,0.03
465,1087,592568,1399,81.01,0.31
466,673,227762,964,55.82,0.22
467,924,262537066,1452,84.08,0.33
468,1042,544591,1340,77.59,0.30
469,374,93325,590,34.16,0.13
470,491,160393,562,32.54,0.13
471,343,59483,490,28.37,0.11
472,208,22031,298,17.26,0.07
473,551,202033,630,36.48,0.14
474,587,229405,755,43.72,0.17
475,733,270056,1048,60.68,0.24
476,612,76219894,788,45.63,0.18
477,370,69005,370,21.42,0.08
478,891,235385865,1019,59.00,0.23
479,210,3064985,210,12.16,0.05
480,909,249950934,1429,82.74,0.33
481,319,51633,503,29.13,0.12
482,997,498640,1283,74.29,0.29
483,636,85551010,727,42.10,0.17
484,889,397254,1397,80.89,0.32
485,461,141373,527,30.52,0.12
486,320,68053,320,18.53,0.07
487,559,157557,879,50.90,0.20
488,663,96925360,948,54.89,0.22
489,690,109265065,690,39.95,0.16
490,177,1832802,229,13.26,0.05
491,940,443210,940,54.43,0.22
492,624,80796164,984,56.98,0.23
493,690,109265065,690,39.95,0.16
494,928,432380,1327,76.84,0.30
495,669,99583010,1053,60.97,0.24
496,677,305198,871,50.43,0.20
497,502,126824,646,37.41,0.15
498,493,122474,706,40.88,0.16
499,619,193041,975,56.46,0.22
500,128,10894,185,10.71,0.04
501,237,4409340,305,17.66,0.07
502,215,30673,215,12.45,0.05
503,588,67593302,840,48.64,0.19
504,1040,720373,1040,60.22,0.24
505,1054,557943,1658,96.00,0.38
506,221,32413,253,14.65,0.06
507,553,153968,790,45.74,0.18
508,676,229500,773,44.76,0.18
509,364,67104,572,33.12,0.13
510,1015,516635,1015,58.77,0.23
511,486,38145735,556,32.19,0.13
512,935,582193,935,54.14,0.21
513,912,252434587,1174,67.98,0.27
514,1022,695787,1314,76.09,0.30
515,725,349933,725,41.98,0.16
516,274,38187,434,25.13,0.10
517,243,4753590,348,20.15,0.08
518,536,191173,613,35.50,0.14
519,189,2232756,297,17.20,0.07
520,833,462394,1190,68.91,0.27
521,613,189065,877,50.78,0.20
522,1029,362654096,1617,93.63,0.37
523,709,253014,1117,64.68,0.25
524,203,27424,290,16.79,0.07
525,858,210175334,1227,71.05,0.28
526,279,7200579,439,25.42,0.10
527,780,157879930,780,45.17,0.18
528,612,76219894,788,45.63,0.18
529,1024,526704,1612,93.34,0.36
530,652,213621,840,48.64,0.19
531,640,205760,640,37.06,0.14
532,513,44870622,735,42.56,0.17
533,119,9463,187,10.83,0.04
534,481,116400,550,31.85,0.12
535,454,104127,714,41.34,0.16
536,1073,767299,1535,88.88,0.35
537,954,288962811,1502,86.97,0.34
538,259,34149,407,23.57,0.09
539,650,281233,650,37.64,0.15
540,219,3477401,347,20.09,0.08
541,174,1741049,274,15.87,0.06
542,1036,538200,1184,68.56,0.27
543,406,83025,464,26.87,0.10
544,987,320014822,1269,73.48,0.31
545,310,48515,310,17.95,0.08
546,383,97702,548,31.73,0.13
547,513,44870622,735,42.56,0.18
548,805,325220,805,46.61,0.20
549,819,182783211,1287,74.52,0.31
550,602,241287,774,44.82,0.19
551,890,527473,890,51.53,0.22
552,332,73309,428,24.78,0.10
553,883,391547,1264,73.19,0.31
554,500,166333,500,28.95,0.12
555,787,310975,1013,58.66,0.25
556,993,325889786,1419,82.17,0.35
557,679,232119,1067,61.78,0.26
558,820,337430,820,47.48,0.20
559,505,128270,505,29.24,0.12
560,955,457445,955,55.30,0.23
561,372,17090540,480,27.79,0.12
562,398,105508,569,32.95,0.14
563,369,16680102,581,33.64,0.14
564,391,77025,447,25.88,0.11
565,131,11353,150,8.69,0.04
566,723,125716757,1035,59.93,0.25
567,716,341293,819,47.42,0.20
568,985,486590,985,57.04,0.24
569,882,228320967,1134,65.66,0.28
570,266,46993,304,17.60,0.07
571,456,31502380,522,30.23,0.13
572,308,63169,440,25.48,0.11
573,554,204721,874,50.61,0.21
574,763,292553,1090,63.12,0.27
575,547,150501,705,40.82,0.17
576,765,148939890,765,44.30,0.18
577,1046,728713,1196,69.25,0.28
578,960,294451360,960,55.59,0.22
579,470,146953,470,27.21,0.11
580,766,294525,876,50.72,0.20
581,814,333219,1282,74.23,0.30
582,613,189065,877,50.78,0.20
583,350,81433,350,20.27,0.08
584,950,601033,950,55.01,0.22
585,1013,683872,1448,83.84,0.34
586,1038,372257522,1485,85.99,0.35
587,843,199337548,1206,69.83,0.28
588,592,176202,762,44.12,0.18
589,110,7993,110,6.37,0.03
590,601,181500,687,39.78,0.16
591,447,29671775,575,33.29,0.13
592,734,359311,1154,66.82,0.27
593,251,41833,287,16.62,0.07
594,1068,405492469,1527,88.42,0.36
595,1025,699733,1025,59.35,0.24
596,282,7435582,364,21.08,0.08
597,691,239775,790,45.74,0.18
598,993,325889786,1419,82.17,0.33
599,167,18505,215,12.45,0.05
600,825,186831700,825,47.77,0.19
601,160,13040,160,9.26,0.04
602,524,183151,824,47.71,0.19
603,1034,712969,1626,94.15,0.38
604,966,300009815,1104,63.93,0.26
605,539,193783,847,49.04,0.20
606,833,462394,1190,68.91,0.28
607,983,643960,1406,81.41,0.33
608,485,156493,485,28.08,0.11
609,694,242457,1094,63.35,0.24
610,706,250275,807,46.73,0.18
611,151,11625,173,10.02,0.04
612,760,289940,760,44.01,0.17
613,219,3477401,347,20.09,0.08
614,754,286035,1186,68.67,0.26
615,610,186965,610,35.32,0.14
616,132,757985,170,9.84,0.04
617,1044,378753834,1644,95.19,0.37
618,706,250275,807,46.73,0.18
619,976,477750,1116,64.62,0.25
620,1054,557943,1658,96.00,0.37
621,207,2935221,267,15.46,0.06
622,675,102287925,675,39.09,0.15
623,688,237998,985,57.04,0.22
624,710,335593,710,41.11,0.16
625,644,276613,1012,58.60,0.22
626,965,620173,965,55.88,0.21
627,892,399295,1148,66.47,0.26
628,587,229405,755,43.72,0.17
629,858,210175334,1227,71.05,0.27
630,311,64273,356,20.61,0.08
631,313,49586,448,25.94,0.10
632,270,6524595,270,15.63,0.06
633,1087,592568,1399,81.01,0.31
634,599,239317,943,54.60,0.21
635,489,38857664,769,44.53,0.17
636,526,139125,602,34.86,0.13
637,332,73309,428,24.78,0.10
638,372,17090540,480,27.79,0.11
639,912,252434587,1174,67.98,0.26
640,278,51457,398,23.05,0.10
641,978,311336125,1398,80.95,0.34
642,315,10369065,315,18.24,0.08
643,291,8171765,333,19.28,0.08
644,449,134491,709,41.05,0.17
645,969,302815918,1525,88.30,0.38
646,801,170986800,916,53.04,0.23
647,481,116400,550,31.85,0.14
648,913,418544,1306,75.62,0.32
649,759,145461233,1195,69.20,0.29
650,357,15102817,459,26.58,0.11
651,219,3477401,347,20.09,0.09
652,866,499393,990,57.32,0.24
653,285,7675810,285,16.50,0.07
654,807,174860607,1039,60.16,0.26
655,828,188878887,1185,68.62,0.29
656,829,345576,1305,75.56,0.32
657,672,100929232,864,50.03,0.21
658,620,255853,620,35.90,0.15
659,316,50400,362,20.96,0.09
660,783,159710151,1119,64.79,0.28
661,184,17364,292,16.91,0.07
662,881,516853,1007,58.31,0.25
663,305,61813,305,17.66,0.08
664,171,1652145,196,11.35,0.05
665,732,130473371,942,54.55,0.23
666,694,242457,1094,63.35,0.27
667,598,179954,856,49.57,0.21
668,317,66827,409,23.68,0.10
669,967,469131,1245,72.09,0.31
670,410,111793,410,23.74,0.10
671,847,360093,1089,63.06,0.27
672,197,25770,255,14.77,0.06
673,977,635841,1257,72.79,0.28
674,1038,372257522,1485,85.99,0.33
675,547,150501,705,40.82,0.16
676,847,360093,1089,63.06,0.24
677,1092,433461002,1404,81.30,0.32
678,280,39620,280,16.21,0.06
679,1012,513732,1302,75.39,0.29
680,751,283125,859,49.74,0.19
681,890,527473,890,51.53,0.20
682,484,118272,764,44.24,0.17
683,870,219122695,870,50.38,0.20
684,1075,579425,1075,62.25,0.24
685,191,24193,219,12.68,0.05
686,598,179954,856,49.57,0.19
687,804,172917104,1264,73.19,0.28
688,116,8893,133,7.70,0.03
689,119,9463,187,10.83,0.04
690,372,17090540,480,27.79,0.11
691,151,11625,173,10.02,0.04
692,555,56830705,555,32.14,0.12
693,506,170353,579,33.53,0.13
694,356,84253,407,23.57,0.09
695,626,260833,716,41.46,0.16
696,138,866585,198,11.46,0.04
697,951,286243075,1087,62.94,0.24
698,124,7980,196,11.35,0.04
699,707,332862,909,52.63,0.20
700,170,19153,170,9.84,0.04
701,786,161553785,899,52.06,0.20
702,455,137713,455,26.35,0.10
703,267,6309160,345,19.98,0.08
704,664,222012,1044,60.45,0.23
705,393,20155831,564,32.66,0.12
706,1066,569775,1219,70.58,0.27
707,763,292553,1090,63.12,0.24
708,385,74690,385,22.29,0.08
709,599,239317,943,54.60,0.21
710,675,102287925,675,39.09,0.15
711,1037,716370,1335,77.30,0.29
712,389,100957,613,35.50,0.13
713,1059,395323141,1667,96.53,0.37
714,159,1327417,251,14.53,0.06
715,716,341293,819,47.42,0.18
716,503,168553,719,41.63,0.16
717,657,94315510,845,48.93,0.19
718,420,24607870,420,24.32,0.09
719,871,380625,996,57.67,0.22
720,1028,704278,1469,85.06,0.32
721,1044,378753834,1644,95.19,0.36
722,922,426554,1186,68.67,0.26
723,483,37443172,690,39.95,0.15
724,450,30273825,450,26.06,0.10
725,178,16184,256,14.82,0.06
726,1010,679393,1010,58.48,0.22
727,489,38857664,769,44.53,0.17
728,381,18362930,436,25.25,0.10
729,386,99073,442,25.59,0.10
730,1096,602250,1253,72.55,0.28
731,451,102375,516,29.88,0.11
732,1073,767299,1535,88.88,0.34
733,803,429682,1148,66.47,0.25
734,971,627913,1110,64.27,0.24
735,637,203928,819,47.42,0.18
736,1097,801698,1411,81.70,0.31
737,289,42444,457,26.46,0.10
738,300,8955050,300,17.37,0.07
739,734,359311,1154,66.82,0.26
740,788,413776,1127,65.26,0.25
741,227,34234,293,16.97,0.07
742,1023,356343736,1464,84.77,0.33
743,1077,415834880,1385,80.20,0.31
744,539,193783,847,49.04,0.19
745,1082,779916,1392,80.60,0.31
746,693,110697807,990,57.32,0.22
747,942,278188906,1212,70.18,0.27
748,640,205760,640,37.06,0.14
749,365,88573,365,21.13,0.08
750,1065,402082940,1065,61.67,0.24
751,920,563653,920,53.27,0.20
752,310,48515,310,17.95,0.07
753,887,524048,1141,66.07,0.25
754,304,46926,480,27.79,0.11
755,1012,513732,1302,75.39,0.29
756,317,66827,409,23.68,0.09
757,566,213193,647,37.46,0.14
758,401,106933,459,26.58,0.10
759,599,239317,943,54.60,0.21
760,852,205794048,1096,63.46,0.24
761,750,140343875,750,43.43,0.17
762,950,601033,950,55.01,0.21
763,825,186831700,825,47.77,0.18
764,453,30884225,648,37.52,0.14
765,173,19912,248,14.36,0.06
766,362,87173,466,26.98,0.10
767,802,322917,1032,59.76,0.23
768,363,15878381,519,30.05,0.12
769,914,557107,1438,83.27,0.32
770,437,127084,563,32.60,0.13
771,1051,553875,1202,69.60,0.27
772,1042,544591,1340,77.59,0.30
773,360,15487260,360,20.85,0.08
774,381,18362930,436,25.25,0.10
775,833,462394,1190,68.91,0.26
776,695,321553,695,40.24,0.15
777,326,70633,373,21.60,0.08
778,675,102287925,675,39.09,0.15
779,235,27965,235,13.61,0.05
780,592,176202,762,44.12,0.17
781,640,205760,640,37.06,0.14
782,1055,741313,1055,61.09,0.23
783,154,12219,242,14.01,0.05
784,779,404713,1227,71.05,0.27
785,611,248473,699,40.47,0.16
786,1066,569775,1219,70.58,0.27
787,996,328853470,1139,65.95,0.25
788,1077,415834880,1385,80.20,0.31
789,720,124156920,720,41.69,0.16
790,847,360093,1089,63.06,0.24
791,830,458713,830,48.06,0.18
792,722,347145,930,53.85,0.21
793,1050,385323925,1050,60.80,0.23
794,555,56830705,555,32.14,0.12
795,427,91863,549,31.79,0.12
796,123,612799,177,10.25,0.04
797,170,19153,170,9.84,0.04
798,130,8645,130,7.53,0.03
799,386,99073,442,25.59,0.10
800,336,12587960,384,22.24,0.09
801,819,182783211,1287,74.52,0.29
802,690,109265065,690,39.95,0.16
803,630,83150655,630,36.48,0.14
804,1079,776371,1699,98.38,0.38
805,971,627913,1110,64.27,0.25
806,363,15878381,519,30.05,0.12
807,1026,359489025,1173,67.92,0.26
808,197,25770,255,14.77,0.06
809,290,55873,290,16.79,0.07
810,161,17173,184,10.65,0.04
811,1041,375495640,1190,68.91,0.27
812,182,21987,234,13.55,0.05
813,469,111084,737,42.68,0.17
814,1095,437044795,1095,63.40,0.25
815,861,212388610,984,56.98,0.22
816,980,639613,980,56.75,0.22
817,414,23567379,654,37.87,0.15
818,110,7993,110,6.37,0.02
819,310,48515,310,17.95,0.07
820,386,99073,442,25.59,0.10
821,857,489184,1103,63.87,0.25
822,1040,720373,1040,60.22,0.23
823,1008,340890072,1440,83.38,0.32
824,807,174860607,1039,60.16,0.23
825,847,360093,1089,63.06,0.24
826,335,74593,335,19.40,0.08
827,831,190940255,950,55.01,0.21
828,269,48295,425,24.61,0.10
829,717,122610449,923,53.45,0.21
830,469,111084,737,42.68,0.17
831,506,170353,579,33.53,0.13
832,436,95700,499,28.89,0.11
833,1059,395323141,1667,96.53,0.38
834,1036,538200,1184,68.56,0.27
835,416,115093,476,27.56,0.11
836,282,7435582,364,21.08,0.08
837,652,213621,840,48.64,0.19
838,694,242457,1094,63.35,0.25
839,732,130473371,942,54.55,0.22
840,842,472202,1084,62.77,0.25
841,756,143741430,864,50.03,0.20
842,673,227762,964,55.82,0.22
843,925,429200,925,53.56,0.21
844,477,36063495,615,35.61,0.14
845,1021,522750,1167,67.57,0.27
846,1038,372257522,1485,85.99,0.34
847,709,253014,1117,64.68,0.26
848,687,107845130,885,51.24,0.20
849,1048,551171,1498,86.74,0.35
850,919,424449,1447,83.79,0.33
851,973,475238,1390,80.49,0.32
852,158,16606,227,13.14,0.05
853,211,22575,242,14.01,0.06
854,233,36139,335,19.40,0.08
855,865,375410,865,50.09,0.20
856,311,64273,356,20.61,0.08
857,468,34058511,669,38.74,0.15
858,948,283541678,1356,78.52,0.31
859,480,36748880,480,27.79,0.11
860,1086,426351835,1242,71.92,0.29
861,670,225455,670,38.80,0.15
862,238,28778,340,19.69,0.08
863,422,118502,544,31.50,0.13
864,981,314211030,1122,64.97,0.25
865,527,184877,679,39.32,0.15
866,1090,595685,1090,63.12,0.24
867,164,17965,260,15.06,0.06
868,1079,776371,1699,98.38,0.38
869,685,235640,685,39.66,0.15
870,148,11237,214,12.39,0.05
871,821,448813,939,54.37,0.21
872,693,110697807,990,57.32,0.22
873,1073,767299,1535,88.88,0.34
874,998,663766,1427,82.63,0.32
875,422,118502,544,31.50,0.12
876,994,496359,1562,90.45,0.35
877,289,42444,457,26.46,0.10
878,1031,707953,1179,68.27,0.26
879,933,270287392,1335,77.30,0.30
880,589,174852,929,53.79,0.21
881,203,27424,290,16.79,0.06
882,158,16606,227,13.14,0.05
883,647,278734,833,48.23,0.19
884,666,98247765,762,44.12,0.17
885,291,8171765,333,19.28,0.07
886,765,148939890,765,44.30,0.17
887,877,386003,1129,65.37,0.25
888,660,95614310,660,38.22,0.15
889,965,620173,965,55.88,0.22
890,610,186965,610,35.32,0.14
891,998,663766,1427,82.63,0.32
892,535,143915,535,30.98,0.12
893,748,281192,1069,61.90,0.24
894,672,100929232,864,50.03,0.19
895,769,297492,1209,70.01,0.27
896,527,184877,679,39.32,0.15
897,1015,516635,1015,58.77,0.23
898,185,22693,185,10.71,0.04
899,506,170353,579,33.53,0.13
900,952,454713,1224,70.87,0.28
901,233,36139,335,19.40,0.08
902,580,169070,580,33.58,0.13
903,545,197653,545,31.56,0.12
904,206,28153,236,13.67,0.05
905,830,458713,830,48.06,0.19
906,219,3477401,347,20.09,0.08
907,453,30884225,648,37.52,0.15
908,1019,692437,1603,92.82,0.36
909,502,126824,646,37.41,0.15
910,286,41325,327,18.93,0.07
911,509,172819,801,46.38,0.18
912,605,243613,605,35.03,0.14
913,697,244047,897,51.94,0.20
914,408,22556117,585,33.87,0.13
915,524,183151,824,47.71,0.19
916,888,233015281,1269,73.48,0.29
917,1073,767299,1535,88.88,0.35
918,301,45750,344,19.92,0.08
919,800,426133,800,46.32,0.18
920,291,8171765,333,19.28,0.08
921,163,13598,235,13.61,0.05
922,698,324637,998,57.79,0.23
923,726,127288975,830,48.06,0.19
924,164,17965,260,15.06,0.06
925,623,258604,890,51.53,0.20
926,395,103753,395,22.87,0.09
927,591,68633815,676,39.14,0.15
928,538,145757,769,44.53,0.18
929,480,36748880,480,27.79,0.11
930,998,663766,1427,82.63,0.33
931,742,276498,954,55.24,0.22
932,965,620173,965,55.88,0.22
933,830,458713,830,48.06,0.19
934,539,193783,847,49.04,0.19
935,424,90888,668,38.68,0.15
936,560,208693,560,32.43,0.13
937,658,217748,940,54.43,0.21
938,777,156064187,999,57.85,0.23
939,832,347476,1070,61.96,0.24
940,1060,563390,1060,61.38,0.24
941,315,10369065,315,18.24,0.07
942,241,29400,276,15.98,0.06
943,918,257452731,1314,76.09,0.30
944,912,252434587,1174,67.98,0.27
945,901,407250,1030,59.64,0.23
946,342,13275520,440,25.48,0.10
947,701,327133,802,46.44,0.18
948,875,509833,875,50.67,0.20
949,895,401855,895,51.82,0.20
950,753,142036204,1077,62.36,0.25
951,1066,569775,1219,70.58,0.28
952,959,613303,1507,87.26,0.34
953,704,330547,1108,64.16,0.25
954,1044,378753834,1644,95.19,0.37
955,375,17507875,375,21.71,0.09
956,227,34234,293,16.97,0.07
957,692,318880,890,51.53,0.20
958,866,499393,990,57.32,0.23
959,1017,350107142,1309,75.80,0.30
960,424,90888,668,38.68,0.15
961,116,8893,133,7.70,0.03
962,659,289651,1039,60.16,0.23
963,642,87997213,826,47.83,0.19
964,198,2567982,285,16.50,0.06
965,1098,440648916,1569,90.85,0.35
966,966,300009815,1104,63.93,0.25
967,659,289651,1039,60.16,0.23
968,1008,340890072,1440,83.38,0.32
969,643,207962,919,53.21,0.21
970,391,77025,447,25.88,0.10
971,968,624454,1385,80.20,0.31
972,210,3064985,210,12.16,0.05
973,884,521143,1392,80.60,0.31
974,786,161553785,899,52.06,0.20
975,1023,356343736,1464,84.77,0.33
976,685,235640,685,39.66,0.15
977,380,96013,380,22.00,0.09
978,976,477750,1116,64.62,0.25
979,812,439137,1044,60.45,0.23
980,176,20533,202,11.70,0.05
981,629,263881,989,57.27,0.22
982,130,8645,130,7.53,0.03
983,387,19245437,499,28.89,0.11
984,233,36139,335,19.40,0.08
985,427,91863,549,31.79,0.12
986,1014,347017189,1594,92.30,0.36
987,712,254639,916,53.04,0.21
988,1019,692437,1603,92.82,0.36
989,132,757985,170,9.84,0.04
990,981,314211030,1122,64.97,0.25
991,695,321553,695,40.24,0.16
992,149,14833,237,13.72,0.05
993,540,52342290,540,31.27,0.12
994,237,4409340,305,17.66,0.07
995,599,239317,943,54.60,0.22
996,890,527473,890,51.53,0.20
997,103,5501,148,8.57,0.03
998,158,16606,227,13.14,0.05
999,150,1113775,150,8.69,0.03
1000,998,663766,1427,82.63,0.33
1001,801,170986800,916,53.04,0.21
1002,1019,692437,1603,92.82,0.37
1003,109,6198,173,10.02,0.04
1004,937,440521,1205,69.77,0.28
1005,1057,560358,1359,78.69,0.31
1006,384,18801034,604,34.97,0.14
1007,523,137771,748,43.31,0.17
1008,690,109265065,690,39.95,0.16
1009,612,76219894,788,45.63,0.18
1010,587,229405,755,43.72,0.17
1011,118,7187,169,9.79,0.04
1012,493,122474,706,40.88,0.16
1013,618,78485752,885,51.24,0.20
1014,405,22061430,405,23.45,0.09
1015,627,81967591,807,46.73,0.19
1016,945,280856520,945,54.72,0.22
1017,671,299713,767,44.41,0.18
1018,591,68633815,676,39.14,0.16
1019,216,3335940,247,14.30,0.06
1020,703,248459,1006,58.25,0.23
1021,473,149041,677,39.20,0.16
1022,163,13598,235,13.61,0.05
1023,104,7231,164,9.50,0.04
